ev_car_id,brand,color,model,price,stock
1,Ford,Red,customized,2098501,149
2,Tesla,Green,mid-range,937802,155
3,Ford,Blue,mid-range,607942,55
4,Ford,White,customized,1301741,126
5,Tata,Green,customized_premium,1811981,5
6,Mahindra,White,classic,1475613,89
7,Amigo,White,customized,464979,211
8,Vel,Green,base,1990635,160
9,Mahindra,White,mid-range,220851,41
10,Tata,Black,mid-range,2270129,241
11,Ford,Blue,classic,2295415,185
12,Mahindra,Black,classic,1998056,153
13,Tesla,Green,classic,961366,175
14,Tesla,Blue,classic,1054721,95
15,Amigo,White,base,2402534,158
16,Tesla,Red,customized_premium,1439596,86
17,Tesla,White,mid-range,919629,92
18,Mahindra,Black,classic,2217314,244
19,Tesla,Black,mid-range,1195440,77
20,Tata,Blue,base,2449188,238
21,Mahindra,White,base,344240,106
22,Vel,White,classic,1491810,241
23,Vel,Red,classic,1048313,125
24,Tata,Blue,classic,908364,67
25,Mahindra,Red,customized,1488103,200
26,Vel,White,base,449369,199
27,Tesla,White,customized_premium,1370543,219
28,Mahindra,Blue,customized,489204,210
29,Ford,Blue,classic,245879,65
30,Mahindra,Red,classic,686935,90
31,Vel,Green,customized,646812,249
32,Amigo,Red,mid-range,1957292,83
33,Tata,Black,customized_premium,937433,34
34,Tesla,Blue,customized_premium,2389710,186
35,Ford,Blue,customized,1937259,121
36,Tesla,Blue,customized,2394082,84
37,Amigo,Red,base,1411173,84
38,Ford,Green,base,139338,192
39,Ford,Green,classic,561677,77
40,Amigo,Black,classic,2450976,49
41,Vel,Red,base,680999,82
42,Vel,Black,customized,1889810,166
43,Ford,Blue,base,1001378,245
44,Vel,White,classic,241150,212
45,Tata,Blue,base,1519609,96
46,Tata,Red,base,295532,55
47,Mahindra,Blue,customized_premium,1696774,128
48,Mahindra,Black,customized_premium,958579,168
49,Amigo,Black,base,119011,102
50,Mahindra,White,customized_premium,1743525,132
51,Ford,Green,classic,1085628,176
52,Mahindra,Black,customized_premium,1134325,87
53,Mahindra,Blue,classic,320093,154
54,Tesla,Red,base,1415653,189
55,Tesla,Green,customized,2207544,38
56,Mahindra,Blue,classic,1830826,82
57,Tesla,Blue,customized_premium,755854,235
58,Tesla,Black,classic,1524613,104
59,Mahindra,White,mid-range,1418880,60
60,Tata,Black,mid-range,1056665,99
61,Mahindra,Red,customized_premium,427164,175
62,Mahindra,White,mid-range,1032445,86
63,Tesla,Green,customized_premium,1821478,144
64,Amigo,Green,mid-range,2335545,171
65,Amigo,Black,customized_premium,1548292,129
66,Ford,Green,base,2136626,153
67,Mahindra,Black,customized_premium,1101876,224
68,Tata,Red,classic,859978,218
69,Tata,Black,classic,2443350,216
70,Tesla,Blue,customized,2270376,4
71,Mahindra,Green,classic,1723997,114
72,Amigo,White,customized_premium,2379368,150
73,Tata,Green,classic,1716063,124
74,Amigo,Red,classic,737163,109
75,Amigo,Blue,mid-range,2418535,97
76,Mahindra,Blue,customized,429933,12
77,Tesla,Red,customized_premium,246552,108
78,Mahindra,Black,customized,314482,29
79,Amigo,Green,customized,2148907,235
80,Ford,Green,classic,1257906,130
81,Mahindra,Black,classic,1376553,175
82,Ford,Red,customized_premium,1135282,109
83,Tesla,Green,customized_premium,2013826,126
84,Mahindra,Blue,customized_premium,1981478,231
85,Vel,Red,base,536715,96
86,Mahindra,Green,customized,1168360,207
87,Mahindra,Green,base,503627,94
88,Mahindra,Blue,base,2059820,223
89,Vel,Green,mid-range,1534843,131
90,Tata,Black,customized_premium,707001,225
91,Tesla,Black,classic,447959,63
92,Vel,Black,mid-range,2407780,234
93,Tata,Green,customized_premium,2292944,77
94,Tata,White,mid-range,2235468,130
95,Mahindra,White,base,2062855,159
96,Tata,Black,base,368888,183
97,Mahindra,White,classic,2051094,67
98,Mahindra,Green,mid-range,1386536,25
99,Tata,Black,customized_premium,582223,104
100,Tesla,Green,customized_premium,2061538,155
101,Tata,White,mid-range,2433870,102
102,Amigo,Green,base,1005799,164
103,Vel,Black,base,961220,25
104,Ford,Black,classic,2427031,160
105,Tata,Blue,customized,1905607,160
106,Ford,Red,customized,1307784,211
107,Tesla,Blue,customized,1256662,184
108,Amigo,Blue,customized,2494848,66
109,Vel,White,classic,797654,35
110,Tesla,Black,customized,185869,119
111,Vel,Green,base,1217289,203
112,Tesla,White,mid-range,408310,81
113,Mahindra,Blue,base,238207,167
114,Tata,Red,classic,584820,150
115,Tesla,Red,base,2480446,123
116,Mahindra,Blue,classic,1093028,16
117,Tesla,Red,base,2007481,117
118,Vel,Red,customized,2068773,231
119,Tesla,Black,customized,2431947,237
120,Mahindra,Red,customized_premium,1969957,7
121,Ford,Blue,mid-range,2497737,53
122,Mahindra,White,classic,110883,139
123,Mahindra,White,base,868618,20
124,Mahindra,Blue,base,1075690,241
125,Tesla,Black,classic,1917049,177
126,Vel,Green,classic,388289,239
127,Tata,Green,base,310413,150
128,Tesla,Red,mid-range,1657678,125
129,Amigo,Green,customized,2145556,11
130,Tata,Blue,customized_premium,1054442,5
131,Tata,Black,mid-range,1077269,195
132,Ford,White,classic,594078,172
133,Tata,Blue,customized_premium,1506896,128
134,Tata,Black,customized,2052159,120
135,Tata,Black,base,760488,71
136,Amigo,Black,classic,566593,195
137,Tesla,Blue,base,1441371,235
138,Amigo,Green,classic,1149138,4
139,Mahindra,Green,base,575187,223
140,Mahindra,Green,customized_premium,1681787,82
141,Mahindra,Red,base,2400472,104
142,Vel,Red,mid-range,154435,204
143,Tesla,Blue,mid-range,2128433,218
144,Mahindra,Blue,customized_premium,1961994,18
145,Mahindra,Green,mid-range,1358514,135
146,Mahindra,Black,customized_premium,1661213,211
147,Vel,Green,customized_premium,477492,99
148,Mahindra,Black,customized_premium,748137,52
149,Ford,Red,customized,526049,140
150,Tesla,Green,customized,1405617,7
151,Mahindra,Blue,mid-range,1660706,54
152,Tesla,White,mid-range,1489810,214
153,Mahindra,White,customized,1729697,216
154,Tata,Green,mid-range,1346770,165
155,Vel,Green,classic,2352884,108
156,Ford,Blue,customized_premium,1078036,216
157,Vel,White,base,2215478,136
158,Tesla,Blue,customized,811026,127
159,Ford,Black,customized_premium,1876917,109
160,Tata,Green,base,1936788,20
161,Amigo,Blue,classic,219060,214
162,Mahindra,Green,classic,2363064,116
163,Amigo,Green,base,735647,87
164,Vel,Red,customized_premium,1455833,132
165,Mahindra,Blue,mid-range,2275571,178
166,Tesla,Green,base,653792,85
167,Tesla,Red,mid-range,2020529,161
168,Tata,White,base,2326652,95
169,Tata,Red,mid-range,1118680,70
170,Tata,White,customized_premium,780303,51
171,Amigo,Black,customized,2436750,5
172,Vel,Black,customized_premium,2494479,208
173,Mahindra,Blue,classic,2422087,84
174,Vel,Red,customized,1579339,9
175,Tesla,Green,customized,2012505,57
176,Ford,Blue,mid-range,1201765,40
177,Tesla,White,mid-range,2256736,132
178,Amigo,Blue,classic,2218904,214
179,Tata,Red,customized,594193,115
180,Amigo,Red,base,2394590,169
181,Tesla,Green,customized_premium,1353907,194
182,Tesla,Red,mid-range,2106482,207
183,Tesla,Green,mid-range,898386,235
184,Vel,Green,mid-range,571434,72
185,Ford,Blue,customized_premium,705784,241
186,Tesla,Black,mid-range,1482942,125
187,Mahindra,Black,classic,1886615,149
188,Ford,Blue,customized,771491,232
189,Mahindra,Blue,base,2266158,93
190,Tesla,Red,customized_premium,2116069,189
191,Mahindra,White,mid-range,161280,83
192,Mahindra,Green,base,1451399,153
193,Vel,Blue,customized,2339418,78
194,Ford,Black,mid-range,2403995,161
195,Ford,Red,base,777717,233
196,Tata,Green,base,1006208,237
197,Tata,Black,classic,2331649,64
198,Vel,Black,mid-range,611909,48
199,Tata,Green,customized_premium,653906,134
200,Vel,Blue,customized_premium,515084,68
201,Mahindra,Black,mid-range,2373264,94
202,Tesla,Red,base,374044,120
203,Mahindra,Black,customized,646819,70
204,Tata,Blue,base,2312818,215
205,Tesla,Black,classic,998610,212
206,Tesla,White,base,412086,240
207,Ford,Blue,base,1636929,250
208,Mahindra,Black,base,119627,51
209,Vel,Red,customized,1497617,184
210,Ford,Green,customized_premium,388118,39
211,Mahindra,Red,mid-range,1520834,218
212,Mahindra,Black,base,2476921,137
213,Amigo,White,customized,2061274,76
214,Mahindra,Black,customized,1016123,231
215,Tata,Green,customized_premium,2496927,66
216,Amigo,Red,classic,2423886,96
217,Vel,Red,classic,2443554,10
218,Vel,White,mid-range,1747101,151
219,Mahindra,White,mid-range,926385,112
220,Mahindra,White,classic,283613,248
221,Amigo,Blue,classic,938438,185
222,Vel,Black,customized,287486,78
223,Amigo,Black,base,1115790,215
224,Tata,Black,classic,777954,156
225,Tata,Red,classic,805380,170
226,Amigo,Green,customized_premium,1222621,109
227,Vel,Blue,customized,1656906,88
228,Vel,Red,customized,747005,193
229,Tesla,White,base,783765,225
230,Tesla,Black,mid-range,2273190,245
231,Amigo,Blue,base,1429774,35
232,Ford,Black,customized_premium,1483822,3
233,Amigo,Green,base,2342994,228
234,Tata,Green,customized,2056732,18
235,Amigo,Red,customized,1673291,216
236,Amigo,Green,customized_premium,1898835,228
237,Tesla,Blue,mid-range,1282834,180
238,Amigo,Green,classic,2433753,40
239,Tesla,Blue,mid-range,2271409,73
240,Ford,Green,mid-range,1692621,128
241,Amigo,Blue,mid-range,1794081,138
242,Mahindra,Black,customized,1791264,168
243,Ford,Black,customized,794026,6
244,Amigo,White,customized,1939310,67
245,Vel,Red,mid-range,2072881,124
246,Tesla,White,customized_premium,978081,196
247,Vel,White,base,435217,21
248,Vel,Red,customized_premium,186062,165
249,Vel,White,customized,1999331,66
250,Tata,Blue,customized,2374839,174
251,Ford,White,customized,1185295,96
252,Vel,Black,classic,1192294,56
253,Ford,Black,classic,1148123,117
254,Mahindra,Blue,mid-range,602373,236
255,Ford,White,mid-range,1441465,74
256,Amigo,Green,classic,1427329,224
257,Vel,White,customized_premium,1602124,190
258,Tesla,Black,mid-range,2407775,111
259,Mahindra,Blue,mid-range,156183,118
260,Mahindra,Green,base,2063225,47
261,Mahindra,Black,mid-range,2425822,130
262,Tata,Black,base,753701,46
263,Tesla,Blue,customized,839506,234
264,Ford,Blue,customized,278182,186
265,Ford,Red,classic,930027,46
266,Tata,Black,mid-range,468054,11
267,Amigo,Blue,classic,2125829,148
268,Amigo,Blue,base,221571,116
269,Tesla,Black,base,1834903,193
270,Amigo,White,base,2352595,63
271,Amigo,Green,classic,1379191,14
272,Mahindra,Red,mid-range,1067210,184
273,Amigo,Green,customized_premium,1473858,68
274,Mahindra,Red,base,2189133,33
275,Vel,White,base,1428060,231
276,Ford,White,base,2484108,210
277,Tesla,Black,customized_premium,889798,181
278,Tata,Black,base,2090946,32
279,Ford,Red,customized,2345978,187
280,Mahindra,White,customized_premium,1105481,81
281,Mahindra,Green,mid-range,797061,213
282,Tesla,Green,classic,1112678,165
283,Mahindra,Black,base,1238272,205
284,Vel,Blue,base,2460878,194
285,Amigo,Red,classic,1467769,94
286,Tesla,Green,mid-range,2313535,147
287,Tata,Red,mid-range,1794625,230
288,Ford,White,classic,750189,209
289,Tesla,Black,mid-range,1747816,72
290,Mahindra,Green,classic,1353907,7
291,Ford,Green,mid-range,801974,226
292,Mahindra,Black,customized_premium,405563,234
293,Tata,Blue,base,2437755,57
294,Vel,Red,customized,793335,12
295,Amigo,White,customized_premium,472570,91
296,Ford,Blue,customized_premium,929487,129
297,Vel,Red,base,678415,47
298,Mahindra,Red,classic,2322887,62
299,Ford,Black,customized_premium,588659,222
300,Mahindra,Red,classic,1154235,186
301,Tesla,Black,customized_premium,2282866,77
302,Vel,White,base,1656527,240
303,Ford,White,customized_premium,1180629,212
304,Ford,Black,customized,1838550,21
305,Amigo,Red,classic,1709348,50
306,Vel,Red,customized,1209296,194
307,Tesla,Black,mid-range,1430843,217
308,Tesla,Blue,customized_premium,2183468,22
309,Tata,Red,base,166464,218
310,Ford,Green,customized_premium,1888813,182
311,Ford,Red,base,1267876,179
312,Mahindra,Green,classic,2304376,34
313,Amigo,Green,base,1252617,206
314,Amigo,Black,mid-range,778384,64
315,Amigo,Black,customized,1192859,59
316,Tata,Black,customized_premium,1610103,96
317,Ford,Black,classic,1106262,179
318,Tata,Red,base,1095979,134
319,Amigo,Blue,customized_premium,530147,156
320,Vel,White,mid-range,438151,223
321,Ford,Red,customized,1114133,14
322,Mahindra,Black,customized_premium,649992,246
323,Tata,Blue,mid-range,1363141,86
324,Vel,Blue,classic,2326226,211
325,Amigo,White,customized_premium,1295223,62
326,Tesla,Green,base,1194850,168
327,Tesla,Blue,customized,696335,178
328,Vel,Blue,customized,1218640,10
329,Amigo,Black,customized,1113089,190
330,Mahindra,Green,mid-range,799775,82
331,Tata,Blue,classic,330634,187
332,Ford,Green,mid-range,1030926,74
333,Ford,Green,classic,960754,77
334,Vel,White,mid-range,1624484,77
335,Ford,Black,customized_premium,2185356,35
336,Vel,Green,mid-range,157305,214
337,Amigo,White,mid-range,2395399,181
338,Vel,White,customized,488795,32
339,Ford,Black,classic,2353916,29
340,Mahindra,Green,mid-range,1696520,180
341,Mahindra,Black,customized,1132779,156
342,Vel,Blue,classic,2494904,148
343,Tata,Green,mid-range,2330927,130
344,Mahindra,Red,classic,2186663,135
345,Amigo,Red,customized_premium,2205441,209
346,Tesla,Black,mid-range,936109,191
347,Tesla,Black,mid-range,272260,219
348,Ford,Red,classic,1511885,25
349,Tata,Red,base,149956,186
350,Tata,Blue,customized_premium,1616169,205
351,Vel,White,mid-range,2094508,141
352,Tesla,Black,mid-range,274968,83
353,Amigo,Green,classic,1727609,29
354,Tesla,Green,customized,2344839,179
355,Ford,Red,base,1419861,73
356,Vel,Red,customized_premium,2455405,33
357,Tata,Blue,mid-range,2388392,86
358,Tata,Green,classic,2136453,248
359,Tata,White,mid-range,2045638,189
360,Amigo,Green,customized_premium,364971,219
361,Tata,Green,customized_premium,317092,159
362,Ford,Red,customized,1601115,74
363,Amigo,Blue,classic,1201981,116
364,Vel,Green,customized_premium,246140,47
365,Mahindra,Blue,base,377862,117
366,Ford,Blue,mid-range,1284533,205
367,Amigo,Green,classic,1633210,144
368,Tata,Green,base,2034056,203
369,Tata,Red,mid-range,2406609,96
370,Tesla,Green,customized_premium,1223009,219
371,Mahindra,Green,customized,729779,89
372,Amigo,Black,base,1942917,25
373,Tata,White,mid-range,1417026,112
374,Tata,White,customized_premium,1199269,164
375,Tesla,White,customized,1234422,108
376,Tata,White,customized,451578,241
377,Amigo,White,classic,810803,129
378,Ford,Black,customized_premium,799792,167
379,Mahindra,Black,customized_premium,1129528,43
380,Vel,White,customized_premium,2446500,52
381,Amigo,Green,customized,1420183,106
382,Ford,Black,mid-range,1344431,10
383,Tata,Black,base,1860713,115
384,Tata,White,customized,1149735,56
385,Amigo,White,classic,908311,135
386,Amigo,Blue,customized,1371451,116
387,Amigo,Blue,base,507341,106
388,Ford,Red,classic,352711,43
389,Vel,Red,customized,1274331,9
390,Amigo,White,base,158081,64
391,Tata,Black,base,414435,98
392,Ford,Green,classic,778336,147
393,Ford,Black,customized,1026336,20
394,Tesla,White,customized_premium,1392087,28
395,Mahindra,Red,customized_premium,2371513,182
396,Tesla,Red,mid-range,241632,152
397,Amigo,White,base,228208,77
398,Tata,Blue,base,1450403,195
399,Mahindra,Green,classic,1984836,235
400,Mahindra,Black,customized,2090196,224
401,Mahindra,Black,customized,550548,124
402,Tesla,Green,customized_premium,1832415,86
403,Ford,Green,mid-range,2167270,70
404,Ford,Black,base,1718007,200
405,Amigo,Green,base,184293,94
406,Ford,Green,customized_premium,195395,159
407,Tesla,Green,customized,2466336,182
408,Vel,Green,customized,2285098,4
409,Mahindra,Black,customized_premium,174970,14
410,Tata,Green,customized_premium,1795119,144
411,Ford,Black,classic,886655,238
412,Tata,White,customized_premium,352546,106
413,Tesla,White,mid-range,1214455,162
414,Amigo,Red,base,1747576,40
415,Mahindra,Red,customized,2254929,49
416,Ford,White,customized,1000319,64
417,Tata,Green,classic,964654,110
418,Vel,Red,customized,2000855,7
419,Mahindra,Blue,customized,196289,173
420,Vel,White,customized_premium,518091,240
421,Vel,Black,customized_premium,1314599,236
422,Mahindra,Blue,customized_premium,1063126,125
423,Mahindra,Red,classic,211821,7
424,Tata,Green,classic,2261069,11
425,Vel,Blue,customized,2269768,147
426,Amigo,Red,base,2280154,159
427,Tata,White,base,785879,118
428,Tata,Red,customized,2278347,132
429,Tesla,Red,customized_premium,802216,156
430,Vel,Green,base,1256983,228
431,Vel,White,base,2184422,118
432,Vel,Green,customized_premium,1750539,146
433,Amigo,Green,base,1031128,218
434,Tata,White,mid-range,433925,153
435,Tata,Green,customized_premium,1909151,44
436,Vel,White,mid-range,412342,89
437,Mahindra,Blue,base,1283754,145
438,Ford,Green,classic,266185,135
439,Ford,Green,mid-range,1964999,209
440,Vel,Blue,mid-range,2037155,164
441,Tesla,Black,customized,659505,74
442,Tesla,Blue,classic,1623178,117
443,Mahindra,Blue,mid-range,1163574,244
444,Ford,Blue,customized_premium,234337,68
445,Ford,Green,customized_premium,2258863,184
446,Tata,Green,mid-range,2104013,162
447,Tesla,Green,mid-range,799572,211
448,Vel,Blue,customized,794969,121
449,Amigo,White,base,1325064,23
450,Mahindra,Red,base,379046,106
451,Amigo,Blue,customized_premium,2150289,195
452,Tesla,Blue,classic,206913,186
453,Ford,White,customized_premium,1796093,175
454,Vel,Red,mid-range,1362380,133
455,Tata,White,customized,492512,212
456,Tesla,Green,classic,1734457,197
457,Ford,White,classic,441233,219
458,Amigo,Green,customized,2199474,79
459,Amigo,White,customized_premium,2278313,11
460,Amigo,Black,base,1536422,154
461,Ford,White,customized,750308,4
462,Tata,Red,base,2485197,40
463,Amigo,Green,customized,1142493,149
464,Amigo,White,mid-range,2298128,50
465,Mahindra,Blue,customized,1557133,143
466,Vel,Red,mid-range,296121,192
467,Ford,Red,customized,1315092,3
468,Tata,Green,customized,1278688,213
469,Mahindra,Blue,customized_premium,474040,116
470,Amigo,Green,classic,255764,235
471,Mahindra,Green,mid-range,301703,43
472,Mahindra,Red,base,2269171,124
473,Tata,White,mid-range,1337733,78
474,Tesla,Red,classic,1869504,176
475,Amigo,Red,customized,1515370,160
476,Tesla,Green,mid-range,1410073,239
477,Amigo,White,customized_premium,613342,21
478,Ford,Red,classic,686318,137
479,Vel,Red,customized,1145199,153
480,Amigo,White,customized_premium,800956,172
481,Tesla,Blue,base,1009589,162
482,Vel,Red,base,995764,56
483,Ford,Red,customized_premium,735395,103
484,Tesla,White,customized,320069,101
485,Ford,Black,mid-range,2097775,213
486,Ford,White,base,1696294,27
487,Tata,White,base,2343364,67
488,Tata,Green,customized_premium,1530027,243
489,Ford,Red,customized_premium,1055882,211
490,Tesla,Green,base,2329050,24
491,Mahindra,Green,customized_premium,2005355,183
492,Ford,Red,customized,1800022,129
493,Amigo,White,base,1505822,87
494,Vel,Black,classic,138225,241
495,Ford,White,classic,565863,124
496,Mahindra,Blue,customized_premium,1348388,156
497,Vel,Blue,customized,345940,26
498,Ford,Red,mid-range,2017012,134
499,Vel,Green,base,1415897,172
500,Tesla,Black,mid-range,652458,40
501,Tata,White,base,186103,51
502,Mahindra,Green,base,2196516,18
503,Tata,White,customized_premium,699022,89
504,Tesla,Black,classic,616373,133
505,Vel,Red,base,1781775,122
506,Mahindra,Red,base,1522900,100
507,Ford,Black,customized,1013262,55
508,Ford,Green,customized_premium,2474395,79
509,Mahindra,White,mid-range,2479452,181
510,Amigo,Blue,mid-range,1372234,159
511,Tesla,Red,customized,545206,152
512,Tata,Red,base,1491898,70
513,Amigo,White,base,578026,21
514,Ford,White,base,294753,101
515,Amigo,Black,classic,545714,63
516,Ford,Black,customized_premium,137990,32
517,Tesla,Red,base,431135,100
518,Vel,Red,customized,2353075,42
519,Vel,Blue,customized,403716,215
520,Tata,Red,base,2396183,42
521,Vel,Green,base,2415398,91
522,Mahindra,Black,base,1869100,15
523,Mahindra,White,customized_premium,2037255,105
524,Tesla,Black,customized_premium,1522566,66
525,Vel,Green,classic,2232670,63
526,Ford,Black,mid-range,1382313,79
527,Mahindra,Green,mid-range,853184,155
528,Ford,Blue,classic,410101,5
529,Tata,Blue,classic,1539065,239
530,Ford,Red,mid-range,2429210,162
531,Mahindra,Green,customized_premium,894667,162
532,Mahindra,Black,mid-range,379019,179
533,Tata,White,base,1125682,29
534,Tata,Blue,mid-range,1938236,86
535,Mahindra,Black,customized_premium,309237,120
536,Ford,Blue,base,2143347,69
537,Vel,Black,customized_premium,970531,194
538,Mahindra,Blue,classic,1158150,21
539,Tata,Green,customized,1442526,139
540,Ford,Black,base,1102251,205
541,Ford,Black,classic,283941,221
542,Vel,Green,base,1136606,118
543,Vel,Black,customized,1407794,113
544,Tata,Blue,customized,2048569,183
545,Ford,Green,classic,2391972,25
546,Ford,White,customized,855757,96
547,Ford,Green,classic,1534330,122
548,Amigo,Red,customized_premium,1761007,177
549,Amigo,Green,mid-range,877116,198
550,Mahindra,Red,customized_premium,1240112,180
551,Tata,Black,base,1381353,215
552,Vel,Blue,classic,1800061,87
553,Amigo,Green,base,630417,191
554,Amigo,White,classic,1645885,21
555,Vel,White,customized,752411,138
556,Vel,Red,mid-range,1419235,186
557,Amigo,Red,customized,743643,75
558,Tesla,White,mid-range,553692,95
559,Tesla,White,classic,1882189,174
560,Tesla,Red,classic,2353766,33
561,Tata,Green,customized_premium,2294268,222
562,Ford,Red,classic,1789385,19
563,Vel,White,customized,188469,35
564,Tata,Red,customized,2208798,80
565,Ford,Blue,mid-range,1874897,130
566,Tata,Red,classic,1394279,189
567,Ford,Green,customized,2217137,29
568,Amigo,Red,mid-range,1989078,182
569,Tesla,Blue,mid-range,1373086,232
570,Tata,Black,classic,2177866,126
571,Amigo,Black,classic,299021,150
572,Tesla,Black,base,1176991,152
573,Mahindra,White,classic,1571178,242
574,Ford,Red,customized_premium,1748000,239
575,Tata,Blue,customized,1223169,10
576,Amigo,Green,classic,2319364,236
577,Mahindra,Red,customized_premium,2095081,230
578,Amigo,Green,customized,205465,170
579,Mahindra,Red,mid-range,244724,21
580,Tata,White,mid-range,1900528,170
581,Mahindra,Black,customized_premium,207696,22
582,Mahindra,White,customized_premium,325425,136
583,Tesla,Green,mid-range,148188,5
584,Ford,Black,classic,1029439,48
585,Tesla,Red,classic,995923,81
586,Vel,Black,classic,599865,242
587,Amigo,Blue,classic,1974493,212
588,Tata,White,customized,2291515,177
589,Ford,Red,customized,310618,80
590,Amigo,Red,customized_premium,2049396,121
591,Amigo,Blue,classic,1299908,135
592,Mahindra,Red,classic,2245527,156
593,Mahindra,Black,mid-range,443041,154
594,Vel,Blue,customized,1086721,152
595,Ford,Blue,classic,1676229,64
596,Vel,Blue,classic,1787926,92
597,Ford,Black,classic,1966330,27
598,Mahindra,Blue,customized_premium,1906178,184
599,Ford,Green,mid-range,984834,180
600,Mahindra,White,customized,468843,147
601,Vel,Red,classic,1987212,169
602,Tesla,Green,base,2285011,240
603,Mahindra,Green,mid-range,528801,188
604,Tesla,Red,base,393206,237
605,Tesla,Green,customized_premium,1687773,227
606,Mahindra,Blue,customized,1371583,131
607,Tata,Red,customized_premium,789050,80
608,Amigo,White,classic,644026,196
609,Tesla,White,base,2429328,196
610,Amigo,White,mid-range,2420328,103
611,Ford,Blue,classic,1710757,250
612,Vel,Red,mid-range,1336735,220
613,Tata,Blue,classic,1690067,184
614,Vel,Blue,classic,1172698,148
615,Mahindra,Black,base,986562,213
616,Vel,Green,mid-range,2245915,247
617,Mahindra,White,customized_premium,1909690,163
618,Mahindra,Red,base,485575,11
619,Tata,White,base,1251400,121
620,Tesla,Black,mid-range,731584,69
621,Amigo,Black,customized,1404137,18
622,Tata,Green,classic,2443025,101
623,Amigo,Blue,customized_premium,2443565,199
624,Vel,Black,customized_premium,1936049,111
625,Amigo,Green,customized_premium,1975494,6
626,Mahindra,Red,mid-range,599642,95
627,Mahindra,White,mid-range,1295986,27
628,Tesla,Black,mid-range,326091,106
629,Tata,Red,base,1817519,162
630,Vel,Blue,customized_premium,1008438,108
631,Tesla,Red,base,1692711,128
632,Amigo,Green,classic,784883,206
633,Tata,White,customized,106411,164
634,Tesla,White,customized,1929178,179
635,Tata,Blue,mid-range,1216235,90
636,Vel,Blue,base,1528648,206
637,Amigo,Black,base,1938338,124
638,Ford,Red,customized,1174744,248
639,Vel,Red,customized,1135196,136
640,Tata,White,base,1338342,144
641,Ford,Red,classic,299805,161
642,Mahindra,Green,customized_premium,1451319,47
643,Tata,Black,mid-range,1073769,190
644,Vel,White,mid-range,1273865,184
645,Amigo,Black,base,1295264,30
646,Ford,Green,customized_premium,221565,227
647,Tesla,Black,base,1646497,3
648,Ford,Blue,base,827716,17
649,Ford,Black,mid-range,2490014,71
650,Vel,White,customized,322868,96
651,Tesla,White,customized,1782971,161
652,Tesla,Blue,classic,1070780,239
653,Ford,Black,classic,861106,7
654,Mahindra,White,customized_premium,583292,70
655,Tesla,Black,base,2279191,157
656,Ford,Red,customized,2113679,80
657,Mahindra,Blue,classic,1673430,151
658,Tesla,Black,customized_premium,1687918,198
659,Tata,Green,base,872906,224
660,Mahindra,Blue,customized_premium,336201,131
661,Vel,Red,base,1910962,160
662,Amigo,Green,classic,344682,175
663,Vel,Black,classic,973509,146
664,Ford,White,customized,2100219,236
665,Mahindra,Red,customized_premium,368459,219
666,Ford,Blue,customized,1367242,206
667,Mahindra,Red,customized_premium,1114536,148
668,Amigo,White,customized,593511,218
669,Tata,White,customized,1384818,195
670,Tata,Green,classic,2288425,197
671,Tesla,Black,mid-range,2175752,246
672,Tesla,Red,customized_premium,485318,79
673,Amigo,Green,classic,664305,36
674,Amigo,White,mid-range,2485351,246
675,Vel,Black,customized_premium,1043855,82
676,Ford,Green,mid-range,277597,125
677,Amigo,White,classic,1010930,111
678,Mahindra,Green,customized,2054771,145
679,Tata,White,customized_premium,289084,85
680,Tata,Red,mid-range,1288824,40
681,Vel,Red,base,1324948,92
682,Vel,Black,customized,158412,176
683,Mahindra,White,base,1837347,101
684,Vel,Red,base,1608274,143
685,Ford,Green,classic,2338088,149
686,Mahindra,Red,base,2054747,228
687,Mahindra,Blue,customized,1263840,223
688,Vel,White,base,1549925,26
689,Vel,Green,base,329099,6
690,Ford,Black,mid-range,1272283,114
691,Tata,Green,mid-range,2060980,62
692,Mahindra,Black,classic,1043295,82
693,Tesla,Black,classic,2381888,236
694,Tesla,Black,mid-range,151348,178
695,Tesla,Red,classic,555661,122
696,Ford,Black,customized_premium,988593,167
697,Ford,Red,mid-range,713360,101
698,Amigo,Green,customized_premium,369508,19
699,Amigo,Blue,customized_premium,1499368,177
700,Tesla,Green,customized,1074805,224
701,Mahindra,Red,classic,458657,181
702,Mahindra,Blue,customized,1459057,151
703,Amigo,White,base,2213678,69
704,Tesla,White,mid-range,615057,15
705,Mahindra,Black,customized,2033028,176
706,Mahindra,Black,mid-range,1755463,24
707,Ford,Black,classic,232025,89
708,Amigo,Red,customized,1375556,236
709,Mahindra,White,customized_premium,1045191,19
710,Ford,Red,base,1765331,33
711,Mahindra,Green,mid-range,772391,115
712,Tata,Blue,base,835829,110
713,Vel,White,customized_premium,1534333,173
714,Tesla,Green,mid-range,1856969,87
715,Tata,Green,classic,1537485,166
716,Ford,White,classic,1398114,217
717,Tata,Green,classic,2301482,85
718,Tata,White,base,1532474,37
719,Tata,Green,classic,1067887,67
720,Amigo,Black,mid-range,2113225,37
721,Mahindra,White,mid-range,695081,93
722,Amigo,Black,base,1556748,122
723,Amigo,White,mid-range,1446868,148
724,Tata,Black,classic,1404331,18
725,Tata,Blue,base,504430,43
726,Ford,Blue,classic,438859,220
727,Amigo,Red,customized_premium,2061880,109
728,Tata,Black,classic,1658251,36
729,Amigo,Red,classic,1465901,104
730,Mahindra,Blue,base,1160104,57
731,Tata,Green,customized_premium,2231577,49
732,Mahindra,Black,classic,318085,156
733,Amigo,Blue,customized_premium,1543152,123
734,Ford,Blue,mid-range,1900278,23
735,Tata,Blue,classic,2157959,223
736,Ford,Green,customized_premium,1583694,49
737,Tesla,White,classic,377283,22
738,Vel,Red,classic,980369,243
739,Mahindra,Red,classic,132655,194
740,Ford,White,customized_premium,2123653,157
741,Amigo,Blue,mid-range,1130710,194
742,Amigo,Red,classic,2111305,7
743,Mahindra,White,base,2221035,175
744,Tata,Blue,base,1966009,82
745,Vel,White,classic,860253,142
746,Tesla,Blue,classic,242789,203
747,Tata,Green,customized_premium,1412391,232
748,Amigo,Green,customized_premium,1617861,4
749,Amigo,Black,mid-range,1388663,30
750,Amigo,Red,base,2461718,237
751,Tesla,Blue,base,1205134,113
752,Amigo,Green,mid-range,2460273,110
753,Amigo,Blue,mid-range,1186494,185
754,Tesla,Blue,classic,2226310,69
755,Tesla,White,customized_premium,1120398,68
756,Tesla,Red,customized_premium,2119918,216
757,Tata,Green,mid-range,677536,13
758,Amigo,Red,mid-range,1930202,61
759,Amigo,Green,base,1176031,65
760,Tesla,Red,base,131879,74
761,Amigo,Red,mid-range,552583,224
762,Vel,White,mid-range,2099648,200
763,Tesla,Black,classic,1504749,211
764,Tata,Green,classic,945348,182
765,Tata,White,base,2219508,238
766,Amigo,Red,mid-range,1103056,79
767,Tesla,Red,mid-range,1986773,138
768,Mahindra,Black,mid-range,2148207,153
769,Mahindra,Green,classic,2457054,54
770,Mahindra,Black,base,132691,232
771,Ford,Blue,customized,2243550,186
772,Ford,Blue,base,1034456,173
773,Mahindra,Red,classic,1518618,203
774,Amigo,Red,customized,1495467,182
775,Vel,White,classic,2085065,30
776,Vel,Green,customized,459010,64
777,Amigo,White,base,1682394,100
778,Amigo,Black,mid-range,279781,175
779,Amigo,Red,mid-range,150644,204
780,Ford,Red,base,2438001,140
781,Mahindra,Blue,mid-range,381776,51
782,Amigo,Blue,classic,1655055,47
783,Vel,Green,customized_premium,213961,39
784,Ford,Blue,classic,841439,231
785,Amigo,Blue,base,798933,216
786,Tata,Black,customized,2120087,57
787,Tesla,White,mid-range,1904879,37
788,Tesla,Blue,base,1916272,169
789,Ford,Red,base,1072235,117
790,Tata,White,base,1595037,133
791,Vel,White,classic,1273766,90
792,Amigo,White,classic,646147,240
793,Tata,Black,base,2113259,53
794,Mahindra,Green,base,1145077,154
795,Tata,Black,customized_premium,185428,91
796,Tesla,White,customized,611473,184
797,Vel,Red,base,1419825,26
798,Mahindra,Blue,mid-range,2154051,135
799,Mahindra,White,customized_premium,1823229,242
800,Mahindra,Green,classic,750235,219
801,Amigo,Black,customized,2111234,119
802,Vel,Blue,base,1490993,116
803,Mahindra,White,base,1843545,194
804,Tata,Red,customized,744727,206
805,Ford,Green,customized,246854,57
806,Mahindra,Green,customized_premium,169812,3
807,Mahindra,Black,base,1926466,95
808,Tesla,White,customized_premium,376295,139
809,Amigo,Blue,mid-range,1802061,247
810,Tata,Blue,customized_premium,1366877,11
811,Vel,Red,mid-range,538801,33
812,Vel,Red,mid-range,302616,63
813,Mahindra,Black,customized_premium,2029524,142
814,Tesla,White,customized_premium,1564686,14
815,Ford,Red,classic,2430462,96
816,Vel,Green,base,1670652,92
817,Vel,Blue,base,220612,4
818,Amigo,White,classic,1086948,250
819,Tata,Green,classic,1023209,233
820,Amigo,White,customized_premium,432311,101
821,Tesla,White,classic,1774194,104
822,Amigo,Blue,base,1379694,65
823,Tesla,White,classic,1907005,200
824,Tesla,Red,mid-range,1544408,224
825,Tesla,Black,customized,1435268,210
826,Tesla,Green,base,2456096,154
827,Mahindra,White,customized_premium,471456,72
828,Tata,Black,base,1870265,48
829,Amigo,Black,mid-range,1829619,68
830,Mahindra,Green,base,408103,248
831,Tata,Blue,customized_premium,647156,151
832,Amigo,Green,customized_premium,2362171,113
833,Amigo,White,classic,421229,113
834,Ford,Blue,mid-range,1486329,164
835,Mahindra,Black,base,370460,83
836,Vel,Green,customized,2445653,44
837,Vel,Green,customized_premium,719917,79
838,Tesla,Black,customized_premium,876224,17
839,Ford,Red,mid-range,1423278,117
840,Tesla,Red,mid-range,1434855,175
841,Tesla,Black,base,238078,247
842,Ford,Red,customized,517901,227
843,Vel,Green,customized,1981879,8
844,Tesla,Black,base,743136,78
845,Tata,Green,customized_premium,732805,95
846,Mahindra,Blue,base,2233429,6
847,Amigo,White,customized,1216520,250
848,Ford,Green,customized_premium,1370527,47
849,Amigo,Blue,mid-range,1042312,45
850,Tata,Blue,classic,136617,108
851,Ford,Red,customized,594252,208
852,Amigo,Black,classic,1559522,102
853,Tesla,Blue,classic,464890,205
854,Vel,Green,base,1075340,130
855,Vel,Black,customized,1161684,248
856,Mahindra,Blue,customized,2293092,80
857,Vel,Green,classic,403681,216
858,Vel,White,customized_premium,1641102,213
859,Tesla,Red,classic,885851,203
860,Vel,Black,customized_premium,721200,151
861,Ford,White,customized_premium,827618,185
862,Tesla,Black,customized,2386093,28
863,Mahindra,White,classic,481143,161
864,Tesla,Blue,mid-range,1884044,208
865,Tata,Green,classic,248094,12
866,Ford,Green,classic,2347823,147
867,Tata,Blue,classic,2054812,40
868,Vel,Blue,classic,1908532,211
869,Vel,Red,classic,1349137,32
870,Amigo,Black,customized,479148,167
871,Mahindra,White,base,1191095,37
872,Tesla,Red,classic,1293728,100
873,Amigo,Green,mid-range,2118378,142
874,Tesla,Red,customized,1225996,42
875,Vel,White,classic,1433903,60
876,Tata,Green,customized_premium,1418239,138
877,Vel,White,customized_premium,825541,60
878,Tata,Red,classic,197162,72
879,Tesla,Green,base,169265,226
880,Amigo,Blue,mid-range,799525,176
881,Amigo,Green,customized,2030522,63
882,Mahindra,Red,customized,175498,237
883,Vel,Black,mid-range,446036,160
884,Ford,Green,customized_premium,2018815,37
885,Tata,White,base,684213,170
886,Tata,Black,base,657590,194
887,Tata,Blue,customized_premium,945602,146
888,Mahindra,White,classic,1514484,74
889,Mahindra,Blue,classic,635746,158
890,Ford,Black,classic,1594478,194
891,Vel,White,customized_premium,1011614,172
892,Tata,Green,base,1915083,144
893,Tesla,Red,customized_premium,183609,16
894,Vel,Black,base,1623986,134
895,Tesla,White,classic,2147892,71
896,Amigo,White,mid-range,1324333,167
897,Vel,White,customized,982854,108
898,Tata,Green,mid-range,1863692,187
899,Tata,Green,customized,391256,27
900,Mahindra,White,classic,1420333,123
901,Amigo,White,classic,2331247,100
902,Amigo,Green,classic,1719152,6
903,Vel,Green,classic,942875,169
904,Mahindra,White,mid-range,314957,208
905,Tesla,Black,customized_premium,808683,30
906,Mahindra,Black,mid-range,2315901,228
907,Tata,Blue,customized,2099289,64
908,Tata,Blue,customized_premium,567314,23
909,Amigo,Red,base,458388,231
910,Vel,Blue,customized,257316,147
911,Ford,Green,mid-range,1630743,90
912,Amigo,White,customized,1932476,21
913,Tesla,Green,customized_premium,546931,173
914,Mahindra,Black,base,1255776,212
915,Tesla,Blue,customized,385293,220
916,Vel,Red,classic,675211,248
917,Vel,Blue,customized,2264558,129
918,Tesla,Red,customized,868909,145
919,Mahindra,Black,mid-range,2217685,7
920,Ford,Green,customized,964263,141
921,Mahindra,White,customized_premium,1999181,5
922,Vel,Blue,customized,2459015,28
923,Ford,Black,customized_premium,1951508,11
924,Ford,White,customized_premium,315760,44
925,Mahindra,Red,classic,565719,218
926,Ford,Blue,classic,2004772,95
927,Vel,Black,customized,901139,80
928,Ford,Red,base,760183,88
929,Mahindra,Black,customized_premium,1862903,74
930,Amigo,Black,base,1503173,232
931,Tesla,Black,customized,1841056,47
932,Ford,Blue,mid-range,2099672,180
933,Tesla,Blue,mid-range,2260897,64
934,Tata,Red,customized_premium,1724040,139
935,Tesla,Green,mid-range,1313541,163
936,Amigo,White,customized_premium,1768419,3
937,Tesla,Green,customized_premium,1035515,224
938,Tesla,Black,customized_premium,804094,42
939,Tata,Blue,classic,1380503,56
940,Vel,Red,base,733097,99
941,Vel,Blue,classic,1314614,118
942,Tesla,Green,classic,915467,155
943,Tata,Blue,customized_premium,940403,135
944,Tata,White,customized,2184681,227
945,Tesla,Green,mid-range,100505,214
946,Amigo,Blue,classic,1390578,235
947,Mahindra,White,mid-range,998594,166
948,Ford,Black,base,1486850,231
949,Amigo,White,base,1079308,100
950,Vel,Green,classic,1775833,157
951,Ford,Red,customized,961044,5
952,Ford,Green,customized_premium,253276,40
953,Ford,Black,base,172913,235
954,Tesla,Green,base,516383,188
955,Vel,Red,customized,593317,145
956,Ford,Red,customized_premium,2244131,134
957,Vel,Black,classic,2389422,127
958,Amigo,Blue,base,1093900,182
959,Tesla,Blue,customized_premium,1337471,202
960,Mahindra,Green,customized_premium,180870,35
961,Tesla,Green,customized,2346179,248
962,Vel,Green,customized_premium,925230,235
963,Tata,White,customized_premium,971444,48
964,Vel,Blue,mid-range,1239182,113
965,Vel,Green,base,1292708,169
966,Tesla,Green,customized,2445710,17
967,Tata,Green,classic,1943309,25
968,Tata,Blue,mid-range,824853,85
969,Mahindra,Red,mid-range,423607,133
970,Amigo,Black,mid-range,1121267,46
971,Tesla,Red,mid-range,1471919,189
972,Ford,Black,customized_premium,2169353,191
973,Tata,Blue,mid-range,951433,172
974,Ford,White,customized_premium,2085613,235
975,Mahindra,Green,base,884842,49
976,Ford,Red,mid-range,635508,29
977,Tesla,Red,customized,235375,235
978,Tesla,White,mid-range,2285406,108
979,Ford,Blue,customized_premium,2377917,51
980,Mahindra,Red,mid-range,2216809,231
981,Tesla,Blue,customized,1635021,16
982,Tata,Green,customized_premium,2076756,128
983,Tesla,White,customized_premium,761216,220
984,Amigo,White,mid-range,1485161,134
985,Ford,Green,customized_premium,2033429,218
986,Vel,Green,customized_premium,158770,227
987,Mahindra,Blue,customized,1659990,88
988,Tesla,White,customized,2320162,189
989,Tesla,White,mid-range,1818772,145
990,Ford,White,classic,1874833,210
991,Amigo,Blue,classic,1787411,42
992,Mahindra,Green,customized,329219,38
993,Tesla,Black,mid-range,353494,245
994,Tata,Green,customized,208580,82
995,Vel,Red,classic,113175,175
996,Tata,White,customized,2033462,88
997,Tata,Red,classic,252542,154
998,Mahindra,Black,classic,2275840,62
999,Mahindra,Red,mid-range,1162550,23
1000,Amigo,White,customized,424581,123
